City_ID,City,Country,Lat,Lng,Max Temp,Humidity,Cloudiness,Wind Speed,Current Description
0,Ushuaia,AR,-54.8,-68.3,30.2,86,40,4.61,scattered clouds
1,Anadyr,RU,64.75,177.4833,59.5,38,0,7.29,clear sky
2,Buin,CL,-33.7333,-70.75,64.06,41,100,2.64,overcast clouds
3,Upernavik,GL,72.7868,-56.1549,31.33,94,100,4.32,overcast clouds
4,Hobart,AU,-42.8794,147.3294,46.99,76,0,9.22,clear sky
5,Albany,US,42.6001,-73.9662,48.38,94,100,5.55,heavy intensity rain
6,Rikitea,PF,-23.1203,-134.9692,75.42,69,66,12.44,broken clouds
7,Raesfeld,DE,51.7667,6.85,57.79,95,0,6.42,clear sky
8,Butaritari,KI,3.0707,172.7902,83.01,78,26,12.86,scattered clouds
9,Elko,US,41.0002,-115.5012,78.82,16,9,8.66,clear sky
10,Fez,MA,34.0372,-4.9998,77.0,47,40,5.75,scattered clouds
11,Cockburn Town,TC,21.4612,-71.1419,80.56,74,40,11.5,scattered clouds
12,Salalah,OM,17.0151,54.0924,82.4,89,75,5.75,broken clouds
13,Kathu,TH,7.9178,98.3332,85.62,84,100,7.09,overcast clouds
14,Port Alfred,ZA,-33.5906,26.891,56.73,67,100,13.73,overcast clouds
15,Victoria Point,AU,-27.5833,153.3,70.48,66,87,3.0,overcast clouds
16,Safaga,EG,26.7292,33.9365,82.35,32,99,7.2,overcast clouds
17,Iqaluit,CA,63.7506,-68.5145,38.93,80,90,3.0,overcast clouds
18,Hilo,US,19.7297,-155.09,82.4,65,75,16.11,broken clouds
19,Kapaa,US,22.0752,-159.319,84.52,71,20,1.01,few clouds
20,Elk City,US,35.412,-99.4043,75.69,60,1,14.97,clear sky
21,Faanui,PF,-16.4833,-151.75,79.92,73,100,15.86,overcast clouds
22,Busselton,AU,-33.65,115.3333,54.09,65,100,14.27,overcast clouds
23,Grindavik,IS,63.8424,-22.4338,44.55,93,20,19.04,few clouds
24,Aksarka,RU,66.5606,67.7975,38.07,54,8,13.27,clear sky
25,Port Lincoln,AU,-34.7333,135.8667,58.55,37,100,16.46,overcast clouds
26,Burnie,AU,-41.0667,145.9167,51.93,74,28,0.4,scattered clouds
27,Onguday,RU,50.75,86.15,53.13,59,50,1.07,scattered clouds
28,Chokurdakh,RU,70.6333,147.9167,65.8,23,5,13.04,clear sky
29,Khatanga,RU,71.9667,102.5,47.34,78,100,7.72,overcast clouds
30,Launceston,AU,-41.45,147.1667,45.16,87,90,4.9,overcast clouds
31,Kaitangata,NZ,-46.2817,169.8464,50.97,92,100,7.29,overcast clouds
32,Mataura,NZ,-46.1927,168.8643,50.0,79,100,5.01,overcast clouds
33,Lakselv,NO,70.0513,24.9718,46.22,66,90,5.75,overcast clouds
34,Vemalwada,IN,18.4667,78.8833,86.9,52,14,11.14,few clouds
35,Kincardine,GB,56.0667,-3.7167,55.81,89,2,1.36,clear sky
36,Barrow,US,71.2906,-156.7887,33.82,80,90,13.8,overcast clouds
37,Oistins,BB,13.0667,-59.5333,80.69,65,20,19.57,few clouds
38,Kantemirovka,RU,49.7089,39.8592,58.15,95,100,7.74,overcast clouds
39,San Andres,CO,12.5847,-81.7006,82.4,78,20,11.5,few clouds
40,Kununurra,AU,-15.7667,128.7333,78.78,27,98,11.5,overcast clouds
41,Kushmurun,KZ,52.4503,64.6311,67.06,73,75,10.47,broken clouds
42,Esperance,AU,-33.8667,121.9,55.24,80,100,25.17,light rain
43,Hermanus,ZA,-34.4187,19.2345,56.89,70,100,8.1,overcast clouds
44,Nazran,RU,43.2261,44.765,51.58,100,0,4.34,clear sky
45,Kaeo,NZ,-35.1,173.7833,63.32,73,6,12.91,clear sky
46,Gamba,GA,-2.65,10.0,75.63,91,19,6.46,few clouds
47,Penzance,GB,50.1186,-5.5371,52.81,90,0,12.77,clear sky
48,Geraldton,AU,-28.7667,114.6,59.41,94,40,14.79,scattered clouds
49,Mandan,US,46.8267,-100.8896,75.18,26,20,17.27,few clouds
50,Cidreira,BR,-30.1811,-50.2056,49.91,61,2,6.4,clear sky
51,San Patricio,US,28.017,-97.5169,84.29,77,18,14.12,few clouds
52,Amurzet,RU,47.6967,131.0981,57.22,66,94,4.14,overcast clouds
53,Tual,ID,-5.6667,132.75,81.61,77,100,19.35,overcast clouds
54,Norman Wells,CA,65.282,-126.8329,57.24,47,75,17.27,broken clouds
55,Balakhta,RU,55.38,91.6,47.82,57,1,3.42,clear sky
56,Ponta Do Sol,PT,32.6667,-17.1,65.01,59,13,3.0,few clouds
57,Smithers,CA,54.7804,-127.1743,53.92,76,90,3.44,overcast clouds
58,Ribeira Grande,PT,38.5167,-28.7,63.86,83,100,6.93,overcast clouds
59,San Carlos De Bariloche,AR,-41.1456,-71.3082,49.75,66,75,10.71,broken clouds
60,Yellowknife,CA,62.456,-114.3525,51.3,57,75,5.75,broken clouds
61,New Norfolk,AU,-42.7826,147.0587,47.91,57,100,3.29,overcast clouds
62,Punta Arenas,CL,-53.15,-70.9167,33.91,69,75,6.53,broken clouds
63,Canon City,US,38.441,-105.2424,63.63,65,90,4.0,overcast clouds
64,Katsuura,JP,35.1333,140.3,69.91,64,0,14.38,clear sky
65,Kavieng,PG,-2.5744,150.7967,82.96,79,100,11.41,moderate rain
66,Aklavik,CA,68.2191,-135.0107,54.32,48,97,8.55,overcast clouds
67,Wanning,CN,18.8003,110.3967,88.83,67,72,11.65,broken clouds
68,Bilibino,RU,68.0546,166.4372,58.93,28,79,2.37,broken clouds
69,Saint George,US,37.1041,-113.5841,93.79,10,1,1.01,clear sky
70,Vaini,TO,-21.2,-175.2,71.76,94,90,6.91,overcast clouds
71,Ulaanbaatar,MN,47.9077,106.8832,39.33,65,40,6.85,scattered clouds
72,Hukuntsi,BW,-24.0,21.75,52.74,40,12,7.58,few clouds
73,Linjiang,CN,41.8069,126.9078,70.84,43,9,1.9,clear sky
74,Ketchikan,US,55.3422,-131.6461,55.38,96,100,2.8,light rain
75,Kloulklubed,PW,7.0419,134.2556,82.9,77,100,21.92,overcast clouds
76,Kangaba,ML,11.9333,-8.4167,83.82,51,83,8.75,broken clouds
77,Tuktoyaktuk,CA,69.4541,-133.0374,42.8,56,20,9.22,few clouds
78,Roma,US,43.2128,-75.4557,51.94,89,90,4.61,light rain
79,Humberto De Campos,BR,-2.5983,-43.4611,75.61,91,94,3.11,overcast clouds
80,Chuy,UY,-33.6971,-53.4616,42.78,74,0,6.08,clear sky
81,Pimenta Bueno,BR,-11.6725,-61.1936,71.74,73,89,2.8,overcast clouds
82,Atuona,PF,-9.8,-139.0333,79.56,67,4,9.04,clear sky
83,Kodiak,US,57.79,-152.4072,49.51,76,90,12.66,overcast clouds
84,Boyolangu,ID,-8.1181,111.8935,79.43,82,78,3.78,broken clouds
85,Andros Town,BS,24.7,-77.7667,80.56,76,6,12.19,clear sky
86,Manama,BH,26.2154,50.5832,90.34,52,0,4.61,clear sky
87,Avarua,CK,-21.2078,-159.775,78.85,57,58,8.05,broken clouds
88,Qaanaaq,GL,77.484,-69.3632,29.7,93,99,3.15,overcast clouds
89,Arraial Do Cabo,BR,-22.9661,-42.0278,73.74,88,100,11.61,overcast clouds
90,Jamestown,US,42.097,-79.2353,60.39,54,1,9.22,clear sky
91,Leningradskiy,RU,69.3833,178.4167,40.06,80,23,3.0,few clouds
92,Stepnyak,KZ,52.8339,70.7803,67.77,63,92,7.65,overcast clouds
93,Mandalgovi,MN,45.7625,106.2708,42.64,44,0,17.4,clear sky
94,Lorengau,PG,-2.0226,147.2712,83.1,78,100,9.91,overcast clouds
95,Tazovskiy,RU,67.4667,78.7,36.91,68,100,15.66,overcast clouds
96,Imbituba,BR,-28.24,-48.6703,60.8,67,75,6.91,broken clouds
97,Nikolskoye,RU,59.7035,30.7861,37.4,71,90,2.68,overcast clouds
98,Sao Filipe,CV,14.8961,-24.4956,73.27,80,34,8.72,scattered clouds
99,Lata,PT,40.1629,-8.3327,60.82,82,6,1.66,clear sky
100,Kenai,US,60.5544,-151.2583,61.03,51,90,12.66,overcast clouds
101,Bambous Virieux,MU,-20.3428,57.7575,72.0,94,40,6.91,light rain
102,Porto Novo,BJ,6.4965,2.6036,82.22,79,100,7.23,overcast clouds
103,Navrongo,GH,10.8956,-1.0921,84.54,54,100,9.33,light rain
104,Kavaratti,IN,10.5669,72.642,82.72,78,100,19.66,overcast clouds
105,Cape Town,ZA,-33.9258,18.4232,57.11,94,20,8.66,light rain
106,Jawhar,SO,2.7809,45.5005,73.33,92,29,6.85,scattered clouds
107,Thompson,CA,55.7435,-97.8558,59.16,44,20,9.22,few clouds
108,Peniche,PT,39.3558,-9.3811,64.72,91,4,5.01,clear sky
109,Adrar,MR,20.5022,-10.0711,89.78,28,100,12.15,overcast clouds
110,Flin Flon,CA,54.7682,-101.865,65.93,27,9,4.9,clear sky
111,Yulara,AU,-25.2406,130.9889,57.04,38,90,4.61,overcast clouds
112,Bluff,NZ,-46.6,168.3333,49.8,90,100,21.47,overcast clouds
113,Minnedosa,CA,50.2453,-99.8436,55.96,59,91,8.86,overcast clouds
114,Santa,PH,17.486,120.4348,88.45,63,17,3.4,few clouds
115,Kingisepp,RU,59.3733,28.6134,38.19,66,97,2.66,overcast clouds
116,Airai,TL,-8.9266,125.4092,68.74,62,100,1.86,overcast clouds
117,Turukhansk,RU,65.8167,87.9833,46.36,89,100,24.67,light rain
118,Bredasdorp,ZA,-34.5322,20.0403,47.52,93,100,3.83,overcast clouds
119,Necochea,AR,-38.5473,-58.7368,48.0,69,100,4.0,overcast clouds
120,Dalvik,IS,65.9702,-18.5286,50.0,57,0,17.27,clear sky
121,Avera,US,33.194,-82.5271,71.6,60,1,4.61,clear sky
122,San Juan,AR,-31.5375,-68.5364,65.73,41,100,9.64,overcast clouds
123,Omsukchan,RU,62.5333,155.8,44.56,52,100,7.63,overcast clouds
124,Pevek,RU,69.7008,170.3133,39.79,67,26,4.43,scattered clouds
125,Farmington,US,36.7281,-108.2187,86.68,7,1,12.66,clear sky
126,Tiksi,RU,71.6872,128.8694,35.02,88,100,5.48,overcast clouds
127,Uyuni,BO,-20.4597,-66.825,38.21,22,51,10.65,broken clouds
128,Juneau,US,58.3019,-134.4197,52.21,95,90,1.99,light rain
129,Rivadavia,AR,-33.1905,-68.4608,54.07,48,98,2.06,overcast clouds
130,Hervey Bay,AU,-25.2986,152.8535,68.11,65,45,5.99,scattered clouds
131,Saskylakh,RU,71.9167,114.0833,42.46,71,0,4.32,clear sky
132,Port Elizabeth,ZA,-33.918,25.5701,59.29,67,0,16.11,clear sky
133,Mirpur Mathelo,PK,28.0227,69.5489,85.86,60,0,13.18,clear sky
134,Cabo San Lucas,MX,22.8909,-109.9124,96.1,28,1,13.8,clear sky
135,Mehamn,NO,71.0357,27.8492,42.39,97,100,24.52,overcast clouds
136,Hovd,MN,48.0056,91.6419,50.86,28,3,3.71,clear sky
137,Cherskiy,RU,68.75,161.3,63.36,28,0,4.05,clear sky
138,Fukue,JP,32.6881,128.8419,73.76,56,0,5.75,clear sky
139,Mahebourg,MU,-20.4081,57.7,72.25,94,40,6.91,light rain
140,Dikson,RU,73.5069,80.5464,30.45,98,100,8.32,snow
141,Abasolo,MX,20.45,-101.5167,86.0,28,90,8.05,overcast clouds
142,Tasiilaq,GL,65.6145,-37.6368,37.56,97,93,4.76,overcast clouds
143,Sabha,LY,27.0377,14.4283,82.62,22,0,13.6,clear sky
144,Nalut,LY,30.3333,10.85,77.7,32,9,11.63,clear sky
145,Lagoa,PT,39.05,-27.9833,62.37,87,100,9.75,overcast clouds
146,Lincoln,US,40.8,-96.667,63.84,69,1,4.61,clear sky
147,Saldanha,ZA,-33.0117,17.9442,48.25,88,100,7.63,moderate rain
148,Longyearbyen,SJ,78.2186,15.6401,33.64,80,90,5.75,overcast clouds
149,East London,ZA,-33.0153,27.9116,55.96,66,100,9.26,overcast clouds
150,Baswa,IN,27.15,76.5833,88.83,31,6,3.69,clear sky
151,Petatlan,MX,17.5167,-101.2667,84.76,66,100,3.94,overcast clouds
152,Clyde River,CA,70.4692,-68.5914,24.8,100,90,8.05,light rain
153,Cururupu,BR,-1.8283,-44.8683,75.36,92,7,2.44,clear sky
154,Puerto Del Rosario,ES,28.5004,-13.8627,67.75,77,74,14.97,broken clouds
155,Mar Del Plata,AR,-38.0023,-57.5575,48.0,75,0,8.05,clear sky
156,Ekhabi,RU,53.5102,142.9671,41.52,66,52,9.19,broken clouds
157,Lodwar,KE,3.1191,35.5973,82.67,47,58,10.51,broken clouds
158,Nouakchott,MR,18.0858,-15.9785,69.73,72,100,17.9,overcast clouds
159,San Cristobal,VE,7.7669,-72.225,80.6,78,40,9.22,scattered clouds
160,Lompoc,US,34.6391,-120.4579,60.01,72,1,14.97,clear sky
161,Sergeyevka,KZ,53.88,67.4158,66.74,77,71,5.68,broken clouds
162,Pangnirtung,CA,66.1451,-65.7125,33.15,98,100,2.19,light snow
163,Saint Anthony,US,45.0205,-93.218,62.82,79,75,3.0,broken clouds
164,Georgetown,MY,5.4112,100.3354,82.99,89,20,3.44,few clouds
165,Castro,BR,-24.7911,-50.0119,56.62,99,100,2.77,overcast clouds
166,Troitskoye,RU,52.9821,84.6757,59.65,59,6,3.6,clear sky
167,Sikonge,TZ,-5.6333,32.7667,64.24,58,34,5.35,scattered clouds
168,Caarapo,BR,-22.6342,-54.8222,61.07,93,100,9.06,overcast clouds
169,Toba,JP,34.4833,136.85,72.32,73,0,5.01,clear sky
170,Mount Gambier,AU,-37.8333,140.7667,46.31,71,100,9.22,overcast clouds
171,Husavik,IS,66.0449,-17.3389,49.91,77,76,8.77,broken clouds
172,Manaus,BR,-3.1019,-60.025,80.6,83,20,2.3,few clouds
173,Ambilobe,MG,-13.2,49.05,68.92,89,5,3.24,clear sky
174,Moanda,GA,-1.5575,13.2178,72.03,96,77,2.91,light rain
175,Soe,ID,-9.8607,124.284,73.49,71,91,2.62,overcast clouds
176,Rurrenabaque,BO,-14.4413,-67.5278,72.7,94,100,2.64,overcast clouds
177,Berdigestyakh,RU,62.0989,126.6992,63.73,27,100,5.59,overcast clouds
178,Ancud,CL,-41.8697,-73.8203,56.23,98,100,13.24,overcast clouds
179,Nantucket,US,41.2835,-70.0995,53.08,97,100,9.4,overcast clouds
180,Huaicheng,CN,23.9051,112.1931,83.07,86,97,2.04,overcast clouds
181,Talnakh,RU,69.4865,88.3972,35.08,99,100,9.71,light rain
182,Kahului,US,20.8947,-156.47,83.46,71,20,12.66,few clouds
183,Canmore,CA,51.0834,-115.3521,70.48,27,99,5.84,overcast clouds
184,Richards Bay,ZA,-28.783,32.0377,62.22,70,100,2.35,overcast clouds
185,Lebu,CL,-37.6167,-73.65,53.73,94,100,10.11,overcast clouds
186,Kulevcha,UA,46.0303,29.9361,56.07,82,100,7.65,overcast clouds
187,Hambantota,LK,6.1241,81.1185,82.74,83,40,18.14,scattered clouds
188,Hithadhoo,MV,-0.6,73.0833,83.59,71,9,18.34,clear sky
189,Vidim,RU,56.4088,103.1106,43.61,60,16,4.36,few clouds
190,Beloha,MG,-25.1667,45.05,62.78,85,8,5.61,clear sky
191,Esmeraldas,BR,-19.7625,-44.3139,72.64,76,100,3.71,overcast clouds
192,Coro,VE,11.4045,-69.6734,78.15,85,13,16.87,few clouds
193,Carnarvon,AU,-24.8667,113.6333,57.27,94,60,6.91,broken clouds
194,Okha,RU,53.5739,142.9478,40.46,69,43,9.31,scattered clouds
195,Hasaki,JP,35.7333,140.8333,72.28,61,0,12.12,clear sky
196,Biak,ID,-0.9131,122.8766,80.74,75,100,5.17,overcast clouds
197,Arlit,NE,18.7369,7.3853,89.67,8,100,9.48,overcast clouds
198,Bethel,US,41.3712,-73.414,49.57,91,100,1.99,light rain
199,Bhadrak,IN,21.0633,86.5054,85.6,83,19,11.1,few clouds
200,Harper,LR,4.375,-7.7169,77.31,90,99,8.77,moderate rain
201,Belluru,IN,12.9911,76.7444,72.05,82,100,6.96,overcast clouds
202,Padang,ID,-0.9492,100.3543,78.08,87,98,3.44,overcast clouds
203,Zabaykalsk,RU,49.6333,117.3167,44.51,88,100,10.78,overcast clouds
204,Tselinnoye,RU,53.0833,85.6667,58.84,61,62,3.74,broken clouds
205,Sulangan,PH,11.1373,123.7228,83.98,71,90,2.82,overcast clouds
206,Haines Junction,CA,60.7522,-137.5108,55.35,47,100,12.66,overcast clouds
207,Marinette,US,45.1,-87.6307,60.89,44,90,9.22,overcast clouds
208,Dingle,PH,10.9995,122.6711,85.46,72,46,2.89,scattered clouds
209,Yakeshi,CN,49.2833,120.7333,60.8,55,100,16.87,overcast clouds
210,Klaksvik,FO,62.2266,-6.589,50.92,93,4,19.82,clear sky
211,Terney,RU,45.0503,136.6092,44.42,90,100,2.13,overcast clouds
212,Cadiz,ES,36.5,-5.75,70.12,59,100,6.51,overcast clouds
213,Beyneu,KZ,45.3167,55.2,77.11,51,96,12.24,overcast clouds
214,Port Hardy,CA,50.6996,-127.4199,57.38,82,75,11.5,broken clouds
215,Saint-Francois,FR,46.4154,3.9054,48.67,89,0,2.3,clear sky
216,La Ronge,CA,55.1001,-105.2842,68.25,26,75,5.75,broken clouds
217,Warrnambool,AU,-38.3833,142.4833,49.8,48,98,10.83,overcast clouds
218,Sabang,ID,5.8933,95.3214,83.7,71,60,17.18,broken clouds
219,Sinnamary,GF,5.3833,-52.95,77.63,89,24,7.78,few clouds
220,Tautira,PF,-17.7333,-149.15,82.42,70,100,15.35,overcast clouds
221,Ninohe,JP,40.2724,141.3061,63.72,53,85,9.84,overcast clouds
222,Kismayo,SO,-0.3582,42.5454,78.17,79,66,15.01,broken clouds
223,San Policarpo,PH,12.1791,125.5072,83.34,75,100,2.62,overcast clouds
224,Palenque,MX,17.5167,-91.9667,82.2,65,38,4.56,scattered clouds
225,Uddiawan,PH,16.5589,121.1512,87.96,65,92,1.54,overcast clouds
226,Paamiut,GL,61.994,-49.6678,35.44,88,82,13.06,broken clouds
227,Songea,TZ,-10.6833,35.65,53.98,82,8,0.4,clear sky
228,Yar-Sale,RU,66.8333,70.8333,37.71,55,9,14.52,clear sky
229,San Rafael,AR,-34.6177,-68.3301,55.69,48,100,6.17,overcast clouds
230,Requena,ES,39.4883,-1.1004,60.58,57,100,4.03,overcast clouds
231,Puerto Ayora,EC,-0.7393,-90.3518,74.55,85,1,8.99,clear sky
232,Nasice,HR,45.4886,18.0878,49.95,86,17,6.42,few clouds
233,Flinders,AU,-34.5833,150.8552,62.06,68,0,1.01,clear sky
234,Moose Factory,CA,51.2585,-80.6094,75.2,23,1,6.91,clear sky
235,Krumbach,DE,48.2418,10.3632,45.81,89,5,5.39,clear sky
236,Muros,ES,42.7762,-9.0603,64.83,77,3,5.01,clear sky
237,Pacasmayo,PE,-7.4006,-79.5714,66.85,87,100,12.44,overcast clouds
238,Kulhudhuffushi,MV,6.6221,73.07,83.16,73,100,19.89,overcast clouds
239,Svetlogorsk,BY,52.6333,29.7333,42.76,87,87,6.73,overcast clouds
240,Namatanai,PG,-3.6667,152.4333,84.13,73,96,7.76,light rain
241,Alexandria,EG,31.2156,29.9553,79.34,53,0,3.44,clear sky
242,Yaan,NG,7.3833,8.5667,77.09,87,100,8.32,overcast clouds
243,Port Hedland,AU,-20.3167,118.5667,75.25,73,40,10.36,scattered clouds
244,Grand Gaube,MU,-20.0064,57.6608,72.37,83,19,4.0,few clouds
245,Tahe,CN,52.3333,124.7333,58.84,62,100,6.51,overcast clouds
246,Margate,GB,51.3813,1.3862,53.31,82,1,4.0,clear sky
247,Zyryanka,RU,65.75,150.85,64.08,32,14,15.95,few clouds
248,Valparaiso,CL,-33.0393,-71.6273,64.04,45,0,14.25,clear sky
249,Saint-Philippe,RE,-21.3585,55.7679,71.19,82,1,5.93,clear sky
250,Poiana Lacului,RO,44.8167,24.7333,50.92,89,100,8.9,overcast clouds
251,Olinda,BR,-8.0089,-34.8553,73.13,88,90,5.06,overcast clouds
252,Whitehorse,CA,60.7161,-135.0538,61.02,41,75,11.01,broken clouds
253,Pisco,PE,-13.7,-76.2167,66.02,88,0,9.22,clear sky
254,Takoradi,GH,4.8845,-1.7554,78.93,87,100,7.67,light rain
255,Laguna,US,38.421,-121.4238,101.95,25,1,4.0,clear sky
256,Aden,YE,12.7794,45.0367,86.79,69,0,11.74,clear sky
257,Krasnogvardeyskiy,RU,57.3793,62.3195,46.71,93,100,10.58,overcast clouds
258,Kailua,US,21.4022,-157.7394,87.21,54,1,11.5,clear sky
259,Yibin,CN,28.7667,104.6238,74.41,75,100,1.9,overcast clouds
260,Nyrob,RU,60.733,56.7202,36.3,72,0,5.35,clear sky
261,Lazaro Cardenas,MX,17.9583,-102.2,83.66,67,74,3.83,broken clouds
262,Vilhena,BR,-12.7406,-60.1458,70.52,53,79,3.36,broken clouds
263,Aykhal,RU,66.0,111.5,60.48,35,9,6.96,clear sky
264,Faya,SA,18.3851,42.4509,68.11,19,0,5.08,clear sky
265,Hun,LY,29.1268,15.9477,75.47,34,78,5.61,broken clouds
266,Beboto,TD,8.2668,16.939,79.27,56,98,4.63,overcast clouds
267,Ahipara,NZ,-35.1667,173.1667,60.67,79,41,15.64,scattered clouds
268,Shenjiamen,CN,29.9576,122.298,70.36,69,98,8.48,overcast clouds
269,Ondjiva,AO,-17.0667,15.7333,56.07,31,100,5.84,overcast clouds
270,Srednekolymsk,RU,67.45,153.6833,65.44,26,93,11.36,overcast clouds
271,Muli,MV,2.9167,73.5667,83.77,71,12,20.74,few clouds
272,Dubreka,GN,9.7911,-13.5233,77.07,85,100,2.1,overcast clouds
273,Oriximina,BR,-1.7656,-55.8661,79.54,76,100,3.83,overcast clouds
274,Jatiroto,ID,-7.8833,111.1167,78.13,84,70,2.53,broken clouds
275,College,US,64.8569,-147.8028,68.67,37,75,0.0,broken clouds
276,Qaqortoq,GL,60.7167,-46.0333,46.9,74,0,6.13,clear sky
277,Mount Isa,AU,-20.7333,139.5,74.97,41,5,17.27,clear sky
278,Atascadero,US,35.4894,-120.6707,80.89,34,2,7.47,clear sky
279,Bongouanou,CI,6.6486,-4.1992,72.9,99,100,1.7,overcast clouds
280,Udalguri,IN,26.7667,92.1333,78.06,85,100,3.13,overcast clouds
281,Sheridan,US,44.8333,-106.9173,71.98,30,20,3.44,few clouds
282,Mont-Dore,NC,-22.2833,166.5833,73.99,99,70,9.82,broken clouds
283,Clemson,US,34.6834,-82.8374,70.48,67,75,3.44,broken clouds
284,Natal,BR,-5.795,-35.2094,78.8,83,0,6.91,clear sky
285,Sola,VU,-13.8833,167.55,77.67,89,90,6.91,overcast clouds
286,Innisfail,AU,-17.5333,146.0333,72.09,86,91,10.51,overcast clouds
287,Huilong,CN,31.8111,121.655,78.04,58,95,12.77,overcast clouds
288,Lubango,AO,-14.9172,13.4925,56.71,40,18,3.33,few clouds
289,Pallasovka,RU,50.05,46.8833,62.28,93,77,5.88,broken clouds
290,Taksimo,RU,56.3444,114.8794,43.83,64,100,3.71,overcast clouds
291,Maunabo,PR,18.0072,-65.8993,82.22,82,0,11.52,clear sky
292,Pemex,MX,18.4395,-96.3461,81.3,71,39,7.38,scattered clouds
293,Tak,TH,16.5833,98.8333,74.91,89,99,2.91,overcast clouds
294,Korcula,HR,42.9622,17.1369,57.76,60,13,9.55,few clouds
295,Swellendam,ZA,-34.0226,20.4417,46.78,78,100,2.89,overcast clouds
296,Lima,PE,-12.0432,-77.0282,63.14,82,90,10.36,overcast clouds
297,Torbay,CA,47.6666,-52.7314,52.57,78,75,6.91,broken clouds
298,Victoria,HK,22.2855,114.1577,87.85,87,100,1.99,overcast clouds
299,Hami,CN,42.8,93.45,71.89,10,0,11.07,clear sky
300,Dunedin,NZ,-45.8742,170.5036,49.8,88,100,10.0,overcast clouds
301,Bulgan,MN,48.8125,103.5347,34.88,91,100,4.5,light rain
302,Piddig,PH,18.1655,120.7175,87.35,70,75,4.79,broken clouds
303,Tuatapere,NZ,-46.1333,167.6833,49.82,94,100,6.64,overcast clouds
304,Nha Trang,VN,12.25,109.1833,86.0,58,2,2.53,clear sky
305,Umm Kaddadah,SD,13.6017,26.6876,85.66,23,5,4.54,clear sky
306,Ugra,RU,54.7777,34.3267,38.7,77,100,4.83,overcast clouds
307,Vao,NC,-22.6667,167.4833,69.85,55,100,14.92,overcast clouds
308,Kodinsk,RU,58.6881,99.1844,43.63,81,90,1.43,overcast clouds
309,Turmalina,BR,-17.2856,-42.73,64.35,70,29,2.13,scattered clouds
310,Mezen,RU,65.8522,44.24,38.12,71,93,7.29,overcast clouds
311,Severo-Kurilsk,RU,50.6789,156.125,39.22,97,100,22.68,light rain
312,Bonfim,BR,3.0833,-59.95,75.2,90,100,2.8,overcast clouds
313,Sampit,ID,-2.5333,112.95,83.05,74,100,1.45,overcast clouds
314,Bakaly,RU,55.1789,53.8028,44.55,85,47,10.16,scattered clouds
315,Batemans Bay,AU,-35.7167,150.1833,60.19,52,0,2.15,clear sky
316,Izhma,RU,65.0083,53.9113,35.37,75,28,5.61,scattered clouds
317,Maragogi,BR,-9.0122,-35.2225,75.27,86,59,2.04,broken clouds
318,Dzaoudzi,YT,-12.7887,45.2699,75.09,88,0,5.75,clear sky
319,Portland,US,45.5234,-122.6762,85.6,32,40,1.01,scattered clouds
320,Soure,BR,-0.7167,-48.5233,78.78,84,17,9.53,few clouds
321,Griffith,US,41.5284,-87.4237,65.01,45,1,1.99,clear sky
322,Puerto El Triunfo,SV,13.2833,-88.55,90.46,75,53,7.07,broken clouds
323,Nelson Bay,AU,-32.7167,152.15,62.76,70,99,1.99,overcast clouds
324,Nakambala,ZM,-15.8324,27.7799,54.19,46,0,3.91,clear sky
325,Sadon,RU,42.8518,44.0037,42.35,84,2,2.57,clear sky
326,Cayenne,GF,4.9333,-52.3333,80.1,85,75,4.0,broken clouds
327,Dinhata,IN,26.1333,89.4667,80.15,87,56,6.62,broken clouds
328,San Quintin,MX,30.4833,-115.95,62.15,69,0,11.01,clear sky
329,Businga,CD,3.3333,20.8833,72.14,92,98,1.72,light rain
330,Hamilton,US,39.1834,-84.5333,62.04,72,1,2.33,clear sky
331,Lubumbashi,CD,-11.6609,27.4794,49.6,60,0,2.91,clear sky
332,Poronaysk,RU,49.2167,143.1167,49.33,58,19,12.53,few clouds
333,Marawi,PH,7.9986,124.2928,73.38,86,100,1.5,overcast clouds
334,Taoudenni,ML,22.6783,-3.9836,101.39,11,100,9.28,overcast clouds
335,Taft,IR,31.7471,54.2088,75.15,15,0,3.51,clear sky
336,Sahbuz,AZ,39.4072,45.5739,55.0,50,0,3.8,clear sky
337,Muisne,EC,0.6,-80.0333,76.68,85,100,7.81,overcast clouds
338,Gwadar,PK,25.1216,62.3254,83.43,88,5,11.88,clear sky
339,Sonoita,MX,31.85,-112.8333,92.53,17,1,14.76,clear sky
340,Fortuna,US,40.5982,-124.1573,65.93,64,100,3.0,overcast clouds
341,Hinche,HT,19.15,-72.0167,78.22,87,56,1.5,broken clouds
342,Arman,RU,59.7,150.1667,37.13,98,100,5.46,light rain
343,Haapiti,PF,-17.5667,-149.8667,82.13,69,41,16.2,scattered clouds
344,Kruisfontein,ZA,-34.0033,24.7314,49.66,80,58,5.82,broken clouds
345,Takanosu,JP,40.2219,140.3694,59.76,72,75,5.75,broken clouds
346,Mokrous,RU,51.2333,47.5167,60.96,96,42,6.29,scattered clouds
347,Xilagani,GR,40.9833,25.4167,63.9,75,100,4.79,overcast clouds
348,Namibe,AO,-15.1961,12.1522,73.04,57,94,5.79,overcast clouds
349,Amapa,BR,1.0,-52.0,72.16,99,65,1.66,broken clouds
350,Marsh Harbour,BS,26.5412,-77.0636,78.39,78,97,12.19,overcast clouds
351,Cooma,AU,-36.2333,149.1333,38.97,81,0,2.19,clear sky
352,Floriano,BR,-6.7669,-43.0225,76.08,44,100,3.0,overcast clouds
353,Ixtapa,MX,20.7,-105.2,81.63,69,1,8.05,clear sky
354,Northam,GB,51.0333,-4.2167,56.3,87,30,5.53,scattered clouds
355,Sao Joao Da Barra,BR,-21.6403,-41.0511,73.22,95,100,6.78,overcast clouds
356,Kyra,RU,49.5776,111.9753,46.76,38,82,13.42,broken clouds
357,Nome,US,64.5011,-165.4064,56.16,47,75,17.27,broken clouds
358,Sao Francisco,BR,-15.9486,-44.8644,71.28,41,6,3.67,light rain
359,Touros,BR,-5.1989,-35.4608,77.9,88,33,8.01,scattered clouds
360,Lokachi,UA,50.737,24.6494,44.74,98,100,6.46,overcast clouds
361,Fallon,US,39.4735,-118.7774,87.67,7,40,6.91,scattered clouds
362,Angol,CL,-37.8,-72.7167,52.41,92,100,2.71,overcast clouds
363,Gisborne,NZ,-38.6533,178.0042,58.95,67,83,3.71,broken clouds
364,Benidorm,ES,38.5382,-0.131,69.89,62,100,4.16,overcast clouds
365,Lerwick,GB,60.1545,-1.1494,46.4,97,58,10.6,broken clouds
366,Bathsheba,BB,13.2167,-59.5167,81.21,65,20,18.52,few clouds
367,Banamba,ML,13.55,-7.45,91.29,33,34,7.47,scattered clouds
368,Elizabeth City,US,36.2946,-76.2511,59.05,89,90,10.36,overcast clouds
369,Guarapari,BR,-20.6667,-40.4975,76.89,88,30,3.78,scattered clouds
370,Vestmannaeyjar,IS,63.4427,-20.2734,45.03,80,3,14.47,clear sky
371,Denpasar,ID,-8.65,115.2167,78.46,94,20,1.16,few clouds
372,Tilichiki,RU,60.4667,166.1,44.91,67,86,2.77,overcast clouds
373,Jacksonville,US,30.3322,-81.6556,77.65,68,75,1.99,broken clouds
374,Alcacer Do Sal,PT,38.3733,-8.5144,67.82,85,100,2.98,overcast clouds
375,Guerrero Negro,MX,27.9769,-114.0611,63.52,68,0,18.57,clear sky
376,Bowen,AU,-20.0167,148.2333,71.82,61,94,20.18,overcast clouds
377,Timbiqui,CO,2.7717,-77.6654,77.22,87,100,2.48,overcast clouds
378,Alofi,NU,-19.0595,-169.9187,82.29,83,83,8.05,broken clouds
379,Tarakan,ID,3.3,117.6333,76.5,94,90,3.44,overcast clouds
380,Villamontes,BO,-21.25,-63.5,60.78,50,100,1.59,overcast clouds
381,Bubaque,GW,11.2833,-15.8333,77.63,77,100,9.6,overcast clouds
382,Vila Velha,BR,-20.3297,-40.2925,76.95,88,0,3.0,clear sky
383,Moree,AU,-29.4667,149.85,60.82,51,0,12.66,clear sky
384,Santa Maria,BR,-29.6842,-53.8069,42.1,93,0,2.01,clear sky
385,Mukhen,RU,48.1,136.1,63.46,42,100,2.1,overcast clouds
386,Bartica,GY,6.4,-58.6167,77.32,99,100,1.66,overcast clouds
387,Daoukro,CI,7.0591,-3.9631,73.71,98,100,3.0,overcast clouds
388,Ilulissat,GL,69.2167,-51.1,32.45,90,100,13.11,overcast clouds
389,Dera Bugti,PK,29.0307,69.151,86.81,26,0,2.8,clear sky
390,Dryden,CA,49.7833,-92.7503,55.69,82,75,3.44,broken clouds
391,Acarau,BR,-2.8856,-40.12,77.18,82,15,12.01,few clouds
392,Barkot,IN,30.8167,78.2,67.17,73,0,3.65,clear sky
393,Pouebo,NC,-20.4,164.5667,72.34,51,68,6.11,broken clouds
394,Nanortalik,GL,60.1432,-45.2371,36.45,89,2,18.48,clear sky
395,Irtyshskiy,RU,58.3333,68.1333,57.4,87,100,10.76,overcast clouds
396,Alta Floresta,BR,-9.8756,-56.0861,73.22,88,0,0.0,clear sky
397,Sitka,US,57.0531,-135.33,55.29,71,90,4.61,overcast clouds
398,Murdochville,CA,48.9583,-65.5006,54.48,65,100,4.97,overcast clouds
399,Sabzevar,IR,36.2126,57.6819,81.41,13,0,6.96,clear sky
400,Umm Lajj,SA,25.0213,37.2685,85.15,52,99,9.17,overcast clouds
401,San Vicente,AR,-26.6167,-54.1333,45.03,64,0,4.05,clear sky
402,Omboue,GA,-1.5746,9.2618,76.32,90,84,9.06,broken clouds
403,Huarmey,PE,-10.0681,-78.1522,67.01,85,100,8.72,overcast clouds
404,Pimenteiras,BR,-6.2453,-41.4192,71.08,51,5,4.65,clear sky
405,Atlantic City,US,39.3643,-74.4229,53.02,94,90,17.22,overcast clouds
406,Mandera,KE,3.9366,41.867,76.57,70,100,13.24,overcast clouds
407,Dwarka,IN,22.2394,68.9678,82.76,79,97,15.37,overcast clouds
408,Souillac,MU,-20.5167,57.5167,72.36,94,40,6.67,light rain
409,Altay,CN,47.8667,88.1167,66.99,18,0,0.89,clear sky
410,Banda Aceh,ID,5.5577,95.3222,82.18,72,82,11.61,broken clouds
411,Palana,RU,59.1167,159.9667,40.32,77,84,11.43,broken clouds
412,Sendafa,ET,9.15,39.0333,54.03,48,10,4.7,clear sky
413,Mana,GF,5.6592,-53.7767,77.16,91,55,8.72,broken clouds
414,Virginia Beach,US,36.8529,-75.978,59.11,82,100,3.0,overcast clouds
415,Montes Claros,BR,-16.735,-43.8617,73.18,53,0,3.44,clear sky
416,Pandan,PH,14.0453,124.1694,86.49,65,76,2.24,broken clouds
417,Mbaiki,CF,3.8678,17.9892,73.65,82,32,0.96,light rain
418,Inhambane,MZ,-23.865,35.3833,69.26,78,37,10.76,scattered clouds
419,Saint Pete Beach,US,27.7253,-82.7412,82.45,66,1,6.22,clear sky
420,Mazagao,BR,-0.115,-51.2894,80.65,97,21,4.05,few clouds
421,Florence,IT,43.7667,11.25,60.98,58,0,3.44,clear sky
422,Taree,AU,-31.9,152.4667,63.34,67,90,9.22,overcast clouds
423,Asau,RO,46.4333,26.4,50.95,97,100,1.68,overcast clouds
424,Honiara,SB,-9.4333,159.95,83.8,78,100,5.03,overcast clouds
425,Poya,NC,-21.35,165.15,71.08,55,96,8.59,overcast clouds
426,Provideniya,RU,64.3833,-173.3,51.91,46,0,24.61,clear sky
427,Kyren,RU,51.6828,102.1408,39.31,83,98,2.66,overcast clouds
428,Kraslava,LV,55.8951,27.168,38.19,80,6,5.08,clear sky
429,Djambala,CG,-2.5447,14.7533,72.45,78,99,3.02,overcast clouds
430,Karangampel,ID,-6.4622,108.4519,81.7,77,20,4.7,few clouds
431,Sur,OM,22.5667,59.5289,88.65,45,99,11.25,overcast clouds
432,Revelstoke,CA,50.9832,-118.2023,78.82,24,40,0.0,scattered clouds
433,Williams Lake,CA,52.1415,-122.1445,65.77,40,90,1.99,overcast clouds
434,Cuamba,MZ,-14.8031,36.5372,58.84,72,0,1.5,clear sky
435,Palmer,US,42.1584,-72.3287,48.47,85,90,1.01,overcast clouds
436,Conceicao Do Araguaia,BR,-8.2578,-49.2647,78.93,78,0,3.11,clear sky
437,Codrington,AU,-38.2667,141.9667,53.8,45,83,14.47,broken clouds
438,Ocean City,US,39.2776,-74.5746,53.01,85,100,8.01,overcast clouds
439,Vila Do Maio,CV,15.1333,-23.2167,72.39,85,92,15.5,overcast clouds
440,Half Moon Bay,US,37.4636,-122.4286,93.02,69,1,12.66,clear sky
441,Aswan,EG,24.0934,32.907,88.66,11,91,9.69,overcast clouds
442,Ranong,TH,9.9658,98.6348,78.73,83,96,8.23,overcast clouds
443,Okato,NZ,-39.2,173.8833,58.42,81,95,8.52,moderate rain
444,Meulaboh,ID,4.1363,96.1285,77.09,86,100,3.76,overcast clouds
445,Hofn,IS,64.2539,-15.2082,45.05,88,29,16.06,scattered clouds
446,Dicabisagan,PH,17.0818,122.4157,88.66,63,27,6.26,scattered clouds
447,Dudinka,RU,69.4058,86.1778,32.86,99,100,9.66,overcast clouds
448,Boende,CD,-0.2167,20.8667,75.22,81,74,0.49,broken clouds
449,Belaya Gora,RU,68.5333,146.4167,65.86,30,16,13.56,few clouds
450,Roald,NO,62.5833,6.1333,51.17,93,20,10.36,few clouds
451,Hanyang,CN,32.1371,105.5126,74.95,65,100,0.89,overcast clouds
452,Cassino,IT,41.4876,13.8315,63.52,69,98,4.0,overcast clouds
453,Koulamoutou,GA,-1.1303,12.4736,73.15,97,100,1.79,overcast clouds
454,Savonlinna,FI,61.8699,28.88,44.26,75,0,6.91,clear sky
455,Oksfjord,NO,70.2396,22.3479,44.67,94,100,13.27,overcast clouds
456,Ibra,OM,22.6906,58.5334,79.57,52,100,0.45,overcast clouds
457,Khanpur,PK,28.6453,70.6567,88.38,55,1,9.69,clear sky
458,Aldan,RU,58.6031,125.3894,60.48,47,22,8.32,few clouds
459,Gdansk,PL,54.3521,18.6464,44.08,97,0,7.0,clear sky
460,Sorgun,TR,39.8101,35.186,54.3,81,61,4.72,broken clouds
461,Vila Franca Do Campo,PT,37.7167,-25.4333,61.21,82,100,5.82,overcast clouds
462,Gorin,RU,51.1983,136.6669,62.65,44,76,2.95,broken clouds
463,Arrigorriaga,ES,43.2101,-2.8856,63.32,78,20,1.01,few clouds
464,Luderitz,NA,-26.6481,15.1594,56.43,67,0,16.2,clear sky
465,Krasnyy Chikoy,RU,50.3643,108.7512,44.53,45,76,8.34,broken clouds
466,Vangaindrano,MG,-23.35,47.6,66.11,92,6,5.06,clear sky
467,Rahatgarh,IN,23.7833,78.3667,87.12,46,63,12.95,broken clouds
468,Perth,AU,-31.9333,115.8333,60.28,79,0,15.28,clear sky
469,Sarh,TD,9.1429,18.3923,87.71,58,0,0.0,clear sky
470,Nador,MA,35.174,-2.9287,66.45,94,75,4.16,broken clouds
471,Voh,NC,-20.9667,164.7,72.55,52,79,10.16,broken clouds
472,Den Helder,NL,52.9599,4.7593,54.01,90,20,12.66,few clouds
473,Rorvik,NO,64.8621,11.2373,48.54,84,100,1.52,overcast clouds
474,Pontianak,ID,-0.0333,109.3333,76.98,100,40,1.92,scattered clouds
475,Marienburg,PL,54.0359,19.0266,46.89,92,73,3.96,broken clouds
476,Tlyustenkhabl,RU,44.98,39.0972,61.11,94,0,4.0,clear sky
477,Mirnyy,RU,62.5353,113.9611,65.1,30,15,7.52,few clouds
478,Pietersburg,ZA,-23.9045,29.4688,50.85,82,14,0.0,few clouds
479,Zadar,HR,44.1197,15.2422,48.81,71,20,3.44,few clouds
480,Grand-Santi,GF,4.25,-54.3833,74.17,99,100,2.15,moderate rain
481,Goderich,CA,43.7501,-81.7165,55.72,58,16,4.61,few clouds
482,Morondava,MG,-20.2833,44.2833,66.74,84,0,8.28,clear sky
483,Partapur,IN,23.6,74.1667,84.45,70,0,8.37,clear sky
484,Anori,BR,-3.7728,-61.6442,76.84,85,62,2.19,broken clouds
485,Iralaya,HN,15.0,-83.2333,82.49,78,18,10.25,few clouds
486,Swinoujscie,PL,53.9105,14.2471,44.91,66,0,10.33,clear sky
487,Zemio,CF,5.0314,25.1361,70.92,81,16,0.6,few clouds
488,Wilmington,US,34.2257,-77.9447,61.92,80,40,5.75,scattered clouds
489,Narsaq,GL,60.9167,-46.05,40.89,69,1,2.21,clear sky
490,Hobyo,SO,5.3505,48.5268,78.08,83,100,20.92,overcast clouds
491,Lithgow,AU,-33.4833,150.15,53.87,38,0,1.57,clear sky
492,Catamarca,AR,-28.4696,-65.7852,59.77,68,0,11.1,clear sky
493,Fort Oglethorpe,US,34.949,-85.2569,67.73,65,2,3.36,clear sky
494,Ust-Barguzin,RU,53.45,108.9833,41.74,60,18,4.05,few clouds
495,Storforshei,NO,66.4043,14.5233,46.65,88,100,2.62,overcast clouds
496,La Rioja,ES,42.25,-2.5,59.04,94,9,3.02,clear sky
497,Pochutla,MX,15.7432,-96.4661,80.82,71,99,3.11,overcast clouds
498,Ballina,AU,-28.8667,153.5667,63.79,67,90,11.5,overcast clouds
499,Noyabrsk,RU,63.1994,75.4507,41.86,82,100,15.21,moderate rain
500,Kyabram,AU,-36.3167,145.05,50.88,49,0,4.72,clear sky
501,Sehithwa,BW,-20.4667,22.7167,57.58,33,100,5.26,overcast clouds
502,Port Augusta,AU,-32.5,137.7667,46.54,23,100,7.05,overcast clouds
503,Henties Bay,NA,-22.116,14.2845,54.86,90,2,7.9,clear sky
504,Ulaangom,MN,49.9811,92.0667,53.26,35,8,2.01,clear sky
505,Kiunga,PG,-6.1219,141.2906,78.58,79,100,4.81,overcast clouds
506,Garowe,SO,8.4054,48.4845,74.71,73,86,18.39,overcast clouds
507,Tungor,RU,53.3808,142.9564,42.55,63,58,8.93,broken clouds
508,Mgandu,TZ,-5.95,34.1333,56.01,81,7,6.44,clear sky
509,Vilyuysk,RU,63.7553,121.6247,64.24,29,2,11.07,clear sky
510,Gunjur,GM,13.2019,-16.7339,73.47,88,75,10.67,broken clouds
511,Bandrele,YT,-12.9067,45.1914,74.95,88,0,5.14,clear sky
512,Beringovskiy,RU,63.05,179.3167,39.06,71,33,13.62,scattered clouds
513,Dhidhdhoo,MV,6.8833,73.1,83.23,74,100,20.18,overcast clouds
514,Ankazoabo,MG,-22.2833,44.5167,57.33,94,0,5.12,clear sky
515,Fort Nelson,CA,58.8053,-122.7002,67.59,28,75,4.61,broken clouds
516,Kerchevskiy,RU,59.946,56.2884,36.28,77,55,8.32,broken clouds
517,Severo-Yeniseyskiy,RU,60.3725,93.0408,45.97,46,100,4.0,overcast clouds
518,Ko Samui,TH,9.5357,99.9357,83.93,77,96,11.79,overcast clouds
519,Show Low,US,34.2542,-110.0298,84.72,11,1,19.57,clear sky
520,Galesong,ID,-5.3166,119.3661,78.82,72,6,3.58,clear sky
521,Somerset,US,40.5668,-74.5496,52.25,94,90,1.99,overcast clouds
522,Talara,PE,-4.5772,-81.2719,68.59,89,97,14.85,overcast clouds
523,Elliot,ZA,-31.3333,27.85,35.65,74,60,5.93,broken clouds
524,Ialibu,PG,-6.2821,143.9935,67.24,67,96,4.25,overcast clouds
525,Kamenka,RU,51.3223,42.7678,54.21,96,100,10.09,overcast clouds
526,Yangzhou,CN,32.3972,119.4358,82.85,70,100,8.97,overcast clouds
527,Livingston,GB,55.9029,-3.5226,52.3,93,20,2.3,few clouds
528,Lakes Entrance,AU,-37.8811,147.981,53.62,42,0,2.33,clear sky
529,Lensk,RU,60.7253,114.9278,56.07,60,100,10.51,overcast clouds
530,Sobolevo,RU,54.4299,31.8996,39.38,74,98,7.4,overcast clouds
531,Belmonte,BR,-15.8631,-38.8828,77.5,81,6,5.61,clear sky
532,San Isidro,PE,-12.1167,-77.05,64.26,90,90,9.28,overcast clouds
533,Walvis Bay,NA,-22.9575,14.5053,55.09,100,39,8.9,scattered clouds
534,Vostok,RU,46.4856,135.8833,46.44,87,100,2.42,overcast clouds
535,Kostrzyn,PL,52.3985,17.2281,46.81,77,15,1.99,few clouds
536,Letpadan,MM,17.7833,95.75,83.1,74,27,8.5,scattered clouds
537,Bachaquero,VE,9.9694,-71.1494,81.01,73,80,6.69,broken clouds
538,Tiarei,PF,-17.5333,-149.3333,82.42,71,83,17.02,broken clouds
539,Takab,IR,36.4009,47.1133,55.49,36,0,1.34,clear sky
540,Mitsamiouli,KM,-11.3847,43.2844,78.28,77,5,9.75,light rain
541,Kumukh,RU,42.1704,47.1161,52.25,91,52,1.66,broken clouds
542,Rio Grande,BR,-32.035,-52.0986,46.51,65,0,8.75,clear sky
543,Champerico,GT,14.3,-91.9167,84.34,71,20,3.89,few clouds
544,Pishin,PK,30.5803,66.9961,73.56,16,0,2.53,clear sky
545,Staryy Nadym,RU,65.6118,72.6842,37.83,62,100,15.7,overcast clouds
546,Khani,GE,41.9563,42.9566,47.77,87,0,6.44,clear sky
547,Hagere Selam,ET,6.4833,38.5167,46.26,92,67,4.07,broken clouds
548,Bhowali,IN,29.3833,79.5167,63.95,73,63,2.86,broken clouds
549,Nandyal,IN,15.4833,78.4833,82.18,60,79,7.43,broken clouds
550,Homnabad,IN,17.7667,77.1333,78.42,73,52,8.05,broken clouds
551,Tartagal,AR,-22.5164,-63.8013,60.21,48,100,0.83,overcast clouds
552,Luena,AO,-11.7833,19.9167,49.26,45,53,3.96,broken clouds
553,Salento,CO,4.6375,-75.5703,65.53,94,100,3.94,overcast clouds
554,Berbera,SO,10.4396,45.0143,89.22,52,6,2.51,clear sky
555,Jalu,LY,29.0331,21.5482,79.09,41,0,11.43,clear sky
556,Bay Roberts,CA,47.5999,-53.2648,53.35,79,100,1.99,overcast clouds
557,Rosetta,EG,31.4044,30.4164,75.02,48,0,10.8,clear sky
558,Golfito,CR,8.639,-83.166,76.55,95,100,3.27,overcast clouds
559,Naryan-Mar,RU,67.6713,53.087,35.06,95,97,14.07,overcast clouds
560,Mocoa,CO,1.1493,-76.6466,72.72,99,100,0.87,overcast clouds
561,Katav-Ivanovsk,RU,54.7531,58.1956,55.92,98,52,1.77,broken clouds
562,Tabriz,IR,38.08,46.2919,62.06,39,0,9.22,clear sky
563,Xining,CN,36.6167,101.7667,57.9,50,100,5.08,overcast clouds
564,Coahuayana,MX,18.7333,-103.6833,83.44,54,82,3.91,broken clouds
565,Tecoanapa,MX,16.5167,-98.75,85.05,70,100,7.09,overcast clouds
566,Karema,TZ,-6.8205,30.4389,68.36,66,76,6.98,broken clouds
567,Mitu,CO,1.1983,-70.1733,73.31,98,100,1.36,overcast clouds
568,Honningsvag,NO,70.9821,25.9704,41.97,95,100,27.22,overcast clouds
569,Santa Lucia,ES,27.9117,-15.5407,60.12,76,40,13.87,scattered clouds
570,Novopokrovka,UA,49.8425,36.5477,53.98,94,83,4.38,broken clouds
571,Kalangala,UG,-0.3089,32.225,67.35,62,100,8.03,overcast clouds
572,Da Nang,VN,16.0678,108.2208,91.45,58,20,1.14,few clouds
573,Boddam,GB,57.4667,-1.7833,46.44,95,1,15.3,clear sky
574,Otradnoye,RU,59.7775,30.8181,37.45,70,100,2.86,overcast clouds
575,Oranjemund,NA,-28.55,16.4333,53.8,92,2,5.97,clear sky
576,Eyl,SO,7.9803,49.8164,77.86,81,100,17.25,overcast clouds
577,Canico,PT,32.6333,-16.85,65.01,78,20,8.86,few clouds
578,Irbeyskoye,RU,55.6428,95.4522,45.99,64,10,3.44,clear sky
579,Olafsvik,IS,64.8945,-23.7142,43.66,76,13,15.39,few clouds
580,Buraydah,SA,26.326,43.975,91.85,17,15,10.4,few clouds
581,Bourail,NC,-21.5667,165.4833,69.69,58,100,10.76,overcast clouds
582,Ostrovnoy,RU,68.0531,39.5131,42.96,73,100,12.53,overcast clouds
583,Marystown,CA,47.1666,-55.1483,47.86,100,100,4.41,overcast clouds
584,Ishigaki,JP,24.3448,124.1572,84.33,84,75,8.05,broken clouds
585,Tambovka,RU,50.0969,128.0489,57.31,63,19,9.44,few clouds
586,Itaituba,BR,-4.2761,-55.9836,84.36,79,0,0.0,clear sky
587,Alekseyevsk,RU,57.8406,108.3492,39.33,97,100,2.59,light rain
588,Sisimiut,GL,66.9395,-53.6735,33.91,85,100,5.19,overcast clouds
589,Viedma,AR,-40.8135,-62.9967,56.84,55,100,24.85,overcast clouds
590,Trinidad,BO,-14.8333,-64.9,73.65,82,86,3.91,overcast clouds
591,Iracoubo,GF,5.4802,-53.2011,77.63,89,20,7.83,few clouds
592,Gra Liyia,GR,35.0167,25.6833,66.43,68,0,3.11,clear sky
593,Alcains,PT,39.9164,-7.4566,71.35,65,100,1.52,overcast clouds
594,Ponta Delgada,PT,37.7333,-25.6667,61.52,82,40,3.44,scattered clouds
595,Te Anau,NZ,-45.4167,167.7167,47.46,95,100,5.73,overcast clouds
596,Dibulla,CO,11.2725,-73.3091,78.82,74,100,5.1,overcast clouds
597,Vyazemskiy,RU,47.5378,134.7525,61.84,53,27,1.61,scattered clouds
598,Coquimbo,CL,-29.9533,-71.3436,55.13,87,0,2.57,clear sky
599,Pout,SN,14.7739,-17.0603,74.16,78,0,8.37,clear sky
600,Qui Nhon,VN,13.7667,109.2333,88.38,64,6,3.15,clear sky
601,Twin Falls,US,42.3505,-114.6445,76.32,20,0,9.08,clear sky
602,Coihaique,CL,-45.5752,-72.0662,40.95,93,40,0.0,scattered clouds
603,Ouricuri,BR,-7.8825,-40.0817,67.68,79,5,3.49,clear sky
604,Samana,DO,19.2056,-69.3369,77.4,82,16,9.48,few clouds
605,West Lorne,CA,42.6001,-81.5998,61.57,64,3,3.96,clear sky
606,Bengkulu,ID,-3.8004,102.2655,76.6,86,41,4.36,scattered clouds
607,Puerto Escondido,MX,15.85,-97.0667,83.32,78,88,3.94,overcast clouds
608,Hirara,JP,24.8,125.2833,82.26,100,75,10.36,broken clouds
609,Tessalit,ML,20.1986,1.0114,92.41,9,42,6.82,scattered clouds
610,Pangai,TO,-19.8,-174.35,84.31,74,75,3.44,broken clouds
611,Ryotsu,JP,38.0833,138.4333,60.76,70,100,4.72,overcast clouds
612,Barinas,VE,8.6226,-70.2075,93.24,49,56,3.44,broken clouds
613,The Valley,AI,18.217,-63.0578,81.1,74,11,16.42,few clouds
614,Mangan,IN,27.5167,88.5333,75.97,77,84,1.19,broken clouds
615,Constitucion,CL,-35.3333,-72.4167,55.45,72,98,4.45,overcast clouds
616,Tommot,RU,58.9564,126.2925,64.8,51,48,7.99,scattered clouds
617,Haldia,IN,22.0605,88.1097,86.22,80,9,16.69,clear sky
618,Limanowa,PL,49.7059,20.422,49.51,98,100,3.67,overcast clouds
619,Novyy Buyan,RU,53.6861,50.0469,53.76,92,100,12.01,heavy intensity rain
620,Sucua,EC,-2.4667,-78.1667,68.76,98,98,2.3,light rain
621,Opuwo,NA,-18.0607,13.84,59.54,33,100,4.65,overcast clouds
622,Sorong,ID,-0.8833,131.25,78.46,89,100,8.23,overcast clouds
623,Atar,MR,20.5169,-13.0499,89.78,26,14,3.94,few clouds
624,Tepetzintla,MX,21.1667,-97.8333,79.95,69,14,10.16,few clouds
625,Svetlyy,RU,54.675,20.1347,42.85,88,11,4.63,few clouds
626,Constantine,DZ,36.365,6.6147,62.01,72,0,3.44,clear sky
627,Berlevag,NO,70.8578,29.0864,42.4,95,100,22.75,overcast clouds
628,Porto Nacional,BR,-10.7081,-48.4172,75.2,53,3,2.21,clear sky
629,Currais Novos,BR,-6.2608,-36.5178,71.33,90,100,13.62,overcast clouds
630,Bage,BR,-31.3314,-54.1069,43.81,75,0,5.75,clear sky
631,Horki,BY,54.2861,30.9842,39.61,73,95,7.94,overcast clouds
632,Bandarbeyla,SO,9.4942,50.8122,78.24,83,100,22.68,overcast clouds
633,Haljala,EE,59.4336,26.2614,39.99,69,100,5.12,overcast clouds
634,Prabumulih,ID,-3.45,104.25,79.39,81,92,3.69,overcast clouds
635,Sakakah,SA,29.9697,40.2064,83.77,12,99,6.78,overcast clouds
636,Glace Bay,CA,46.1969,-59.957,47.59,89,75,3.0,broken clouds
637,Egvekinot,RU,66.3167,-179.1667,46.78,40,72,4.34,broken clouds
638,Fairbanks,US,64.8378,-147.7164,70.09,37,20,6.91,few clouds
639,Yantal,RU,56.8471,105.2542,46.11,58,48,4.74,scattered clouds
640,Cairns,AU,-16.9167,145.7667,80.06,84,75,10.36,broken clouds
641,Ngunguru,NZ,-35.6167,174.5,63.16,75,38,12.88,scattered clouds
642,Chino Valley,US,34.7575,-112.4538,87.15,9,49,5.01,scattered clouds
643,Puno,PE,-15.8333,-70.0333,45.66,51,100,6.06,overcast clouds
644,Gobabis,NA,-22.45,18.9667,53.82,31,6,6.78,clear sky
645,Port-Gentil,GA,-0.7193,8.7815,79.16,84,100,17.16,overcast clouds
646,Zyryanovsk,KZ,49.7386,84.2719,56.98,55,5,2.17,clear sky
647,Oranjestad,AW,12.524,-70.027,82.35,79,40,8.01,scattered clouds
648,Port Blair,IN,11.6667,92.75,77.04,94,40,2.3,scattered clouds
649,Yeniseysk,RU,58.4497,92.1703,49.03,49,63,3.98,broken clouds
650,San Luis,AR,-33.295,-66.3356,50.32,56,98,4.92,overcast clouds
651,Quelimane,MZ,-17.8786,36.8883,69.75,94,90,3.44,overcast clouds
652,Lufilufi,WS,-13.8745,-171.5986,91.18,72,40,19.6,scattered clouds
653,Camargo,MX,27.6667,-105.1667,86.34,27,98,8.32,overcast clouds
654,Ouallam,NE,14.3188,2.0866,91.31,17,0,6.82,clear sky
655,Borovoy,RU,55.4333,86.0833,56.48,71,0,5.32,clear sky
656,Sao Luiz Gonzaga,BR,-28.4083,-54.9608,44.58,64,0,7.07,clear sky
657,Ranot,TH,7.7777,100.3213,83.07,76,100,3.51,overcast clouds
658,Yining,CN,29.0361,114.5636,79.5,69,100,0.29,overcast clouds
659,Havelock,US,34.8791,-76.9013,59.95,91,98,1.99,overcast clouds
660,Mercedes,AR,-34.6515,-59.4307,50.86,64,63,8.03,broken clouds
661,Shama,CN,33.6102,104.2852,64.27,60,67,3.2,broken clouds
662,Cap Malheureux,MU,-19.9842,57.6142,72.46,83,19,4.0,few clouds
663,Kjollefjord,NO,70.9457,27.3465,42.13,97,100,23.31,overcast clouds
664,Khandyga,RU,62.6667,135.6,51.69,88,100,6.51,light rain
665,Buffalo,US,42.8865,-78.8784,62.46,60,1,4.34,clear sky
666,Yanam,IN,16.7333,82.2167,86.4,75,96,5.7,overcast clouds
667,Hazorasp,UZ,41.3194,61.0742,75.04,14,0,9.42,clear sky
668,Baghdad,IQ,33.3406,44.4009,78.71,31,0,10.49,clear sky
669,Lavrentiya,RU,65.5833,-171.0,38.62,70,100,12.21,overcast clouds
670,Shihezi,CN,44.3,86.0333,77.27,24,37,6.4,scattered clouds
671,Evensk,RU,61.95,159.2333,41.13,86,100,2.51,overcast clouds
672,Camacha,PT,33.0833,-16.3333,61.54,67,40,10.36,scattered clouds
673,Saint-Augustin,CA,51.226,-58.6502,51.19,57,0,11.25,clear sky
674,Robstown,US,27.7903,-97.6689,82.58,80,75,3.0,broken clouds
675,Waipawa,NZ,-41.4122,175.5153,48.04,89,100,14.47,moderate rain
676,Aksu,CN,41.1231,80.2644,78.26,24,94,11.16,overcast clouds
677,Araouane,ML,18.9048,-3.5265,92.68,9,82,5.97,broken clouds
678,Gat,IL,31.61,34.7642,77.4,28,0,4.74,clear sky
679,Cascais,PT,38.6979,-9.4215,64.62,74,0,4.0,clear sky
680,Marzuq,YE,14.4,46.4667,76.87,40,0,4.36,clear sky
681,Contamana,PE,-7.3333,-75.0167,79.61,74,100,1.07,overcast clouds
682,Inongo,CD,-1.95,18.2667,71.85,82,100,2.19,overcast clouds
